{"cameraMode":{"drawMode":0,"name":"Shaded","section":"Shading Mode"},"sceneLighting":true,"audioPlay":false,"sceneViewState":{"showFog":true,"showMaterialUpdate":false,"showSkybox":true,"showFlares":true,"showImageEffects":true,"showParticleSystems":true},"in2DMode":false,"pivot":{"x":-37.400611877441409,"y":-37.34151840209961,"z":-5.0020432472229},"rotation":{"x":-0.25275719165802,"y":0.6957854628562927,"z":-0.2899257242679596,"w":-0.6065853834152222},"size":66.90715026855469,"orthographic":false}